theta0,theta1
8499.599649891514,-0.021448963591305697
